table_name,constraint_name,constraint_type,column_name,foreign_table,foreign_column,check_clause
block_list,35901_112106_1_not_null,CHECK,null,null,null,blockid IS NOT NULL
block_list,35901_112106_2_not_null,CHECK,null,null,null,targettype IS NOT NULL
block_list,35901_112106_3_not_null,CHECK,null,null,null,targetid IS NOT NULL
block_list,35901_112106_4_not_null,CHECK,null,null,null,blocked_userid IS NOT NULL
block_list,35901_112106_5_not_null,CHECK,null,null,null,blocked_by_userid IS NOT NULL
block_list,35901_112106_6_not_null,CHECK,null,null,null,blocked_at IS NOT NULL
block_list,block_list_blocked_by_userid_fkey,FOREIGN KEY,blocked_by_userid,users,userid,null
block_list,block_list_blocked_userid_fkey,FOREIGN KEY,blocked_userid,users,userid,null
block_list,block_list_pkey,PRIMARY KEY,blockid,null,null,null
block_list,block_list_unique,UNIQUE,blocked_userid,null,null,null
block_list,block_list_unique,UNIQUE,targettype,null,null,null
block_list,block_list_unique,UNIQUE,targetid,null,null,null
court_schedule_rules,35901_140810_10_not_null,CHECK,null,null,null,created_at IS NOT NULL
court_schedule_rules,35901_140810_1_not_null,CHECK,null,null,null,schedule_rule_id IS NOT NULL
court_schedule_rules,35901_140810_2_not_null,CHECK,null,null,null,courtid IS NOT NULL
court_schedule_rules,35901_140810_4_not_null,CHECK,null,null,null,day_of_week IS NOT NULL
court_schedule_rules,35901_140810_5_not_null,CHECK,null,null,null,valid_from IS NOT NULL
court_schedule_rules,35901_140810_7_not_null,CHECK,null,null,null,start_time IS NOT NULL
court_schedule_rules,35901_140810_8_not_null,CHECK,null,null,null,end_time IS NOT NULL
court_schedule_rules,35901_140810_9_not_null,CHECK,null,null,null,is_available IS NOT NULL
court_schedule_rules,court_schedule_rules_day_of_week_check,CHECK,null,null,null,((day_of_week >= 0) AND (day_of_week <= 6))
court_schedule_rules,court_schedule_rules_courtid_fkey,FOREIGN KEY,courtid,courts,courtid,null
court_schedule_rules,court_schedule_rules_playingcourtid_fkey,FOREIGN KEY,playingcourtid,playingcourt,playingcourtid,null
court_schedule_rules,court_schedule_rules_pkey,PRIMARY KEY,schedule_rule_id,null,null,null
courtavailability,35901_36042_10_not_null,CHECK,null,null,null,end_time IS NOT NULL
courtavailability,35901_36042_16_not_null,CHECK,null,null,null,booking_date IS NOT NULL
courtavailability,35901_36042_1_not_null,CHECK,null,null,null,availabilityid IS NOT NULL
courtavailability,35901_36042_2_not_null,CHECK,null,null,null,courtid IS NOT NULL
courtavailability,35901_36042_5_not_null,CHECK,null,null,null,status IS NOT NULL
courtavailability,35901_36042_9_not_null,CHECK,null,null,null,start_time IS NOT NULL
courtavailability,courtavailability_courtid_fkey,FOREIGN KEY,courtid,courts,courtid,null
courtavailability,courtavailability_playingcourtid_fk,FOREIGN KEY,playingcourtid,playingcourt,playingcourtid,null
courtavailability,courtavailability_pkey,PRIMARY KEY,availabilityid,null,null,null
courtbooking,35901_36054_10_not_null,CHECK,null,null,null,bookingstatus IS NOT NULL
courtbooking,35901_36054_1_not_null,CHECK,null,null,null,courtbookingid IS NOT NULL
courtbooking,35901_36054_2_not_null,CHECK,null,null,null,availabilityid IS NOT NULL
courtbooking,35901_36054_3_not_null,CHECK,null,null,null,userid IS NOT NULL
courtbooking,35901_36054_4_not_null,CHECK,null,null,null,status IS NOT NULL
courtbooking,35901_36054_6_not_null,CHECK,null,null,null,start_timestamp IS NOT NULL
courtbooking,35901_36054_7_not_null,CHECK,null,null,null,end_timestamp IS NOT NULL
courtbooking,35901_36054_8_not_null,CHECK,null,null,null,bookingdate IS NOT NULL
courtbooking,courtbooking_duration_chk,CHECK,null,null,null,((duration_minutes IS NULL) OR ((duration_minutes >= 60) AND (duration_minutes <= 180)))
courtbooking,courtbooking_selected_part_chk,CHECK,null,null,null,"((selected_part IS NULL) OR (selected_part = ANY (ARRAY['full'::text, 'half_a'::text, 'half_b'::text])))"
courtbooking,courtbooking_time_range,CHECK,null,null,null,(end_timestamp > start_timestamp)
courtbooking,courtbooking_time_valid_chk,CHECK,null,null,null,(end_timestamp > start_timestamp)
courtbooking,courtbooking_availabilityid_fkey,FOREIGN KEY,availabilityid,courtavailability,availabilityid,null
courtbooking,courtbooking_paymentid_fkey,FOREIGN KEY,paymentid,payments,paymentid,null
courtbooking,courtbooking_playingcourtid_fkey,FOREIGN KEY,playingcourtid,playingcourt,playingcourtid,null
courtbooking,courtbooking_userid_fkey,FOREIGN KEY,userid,users,userid,null
courtbooking,courtbooking_pkey,PRIMARY KEY,courtbookingid,null,null,null
courtinfo,35901_48796_11_not_null,CHECK,null,null,null,name IS NOT NULL
courtinfo,35901_48796_12_not_null,CHECK,null,null,null,availability IS NOT NULL
courtinfo,35901_48796_1_not_null,CHECK,null,null,null,courtinfoid IS NOT NULL
courtinfo,35901_48796_20_not_null,CHECK,null,null,null,auto_approve IS NOT NULL
courtinfo,35901_48796_2_not_null,CHECK,null,null,null,courtid IS NOT NULL
courtinfo,35901_48796_3_not_null,CHECK,null,null,null,address IS NOT NULL
courtinfo,35901_48796_4_not_null,CHECK,null,null,null,latitude IS NOT NULL
courtinfo,35901_48796_5_not_null,CHECK,null,null,null,longitude IS NOT NULL
courtinfo,35901_48796_9_not_null,CHECK,null,null,null,venue IS NOT NULL
courtinfo,venue_valid_values,CHECK,null,null,null,"(venue <@ ARRAY['Indoor'::venue_type, 'Outdoor'::venue_type])"
courtinfo,courtinfo_courtid_fkey,FOREIGN KEY,courtid,courts,courtid,null
courtinfo,courtinfo_pkey,PRIMARY KEY,courtinfoid,null,null,null
courts,35901_36028_10_not_null,CHECK,null,null,null,status IS NOT NULL
courts,35901_36028_1_not_null,CHECK,null,null,null,courtid IS NOT NULL
courts,35901_36028_2_not_null,CHECK,null,null,null,courtinfo IS NOT NULL
courts,35901_36028_4_not_null,CHECK,null,null,null,ownerid IS NOT NULL
courts,courts_ownerid_fkey,FOREIGN KEY,ownerid,users,userid,null
courts,courts_pkey,PRIMARY KEY,courtid,null,null,null
eventbooking,35901_36097_1_not_null,CHECK,null,null,null,eventbookingid IS NOT NULL
eventbooking,35901_36097_2_not_null,CHECK,null,null,null,eventid IS NOT NULL
eventbooking,35901_36097_3_not_null,CHECK,null,null,null,userid IS NOT NULL
eventbooking,35901_36097_5_not_null,CHECK,null,null,null,status IS NOT NULL
eventbooking,35901_36097_9_not_null,CHECK,null,null,null,bookingstatus IS NOT NULL
eventbooking,eventbooking_eventid_fkey,FOREIGN KEY,eventid,events,eventid,null
eventbooking,eventbooking_paymentid_fkey,FOREIGN KEY,paymentid,payments,paymentid,null
eventbooking,eventbooking_userid_fkey,FOREIGN KEY,userid,users,userid,null
eventbooking,eventbooking_pkey,PRIMARY KEY,eventbookingid,null,null,null
eventinfo,35901_48685_10_not_null,CHECK,null,null,null,auto_approve IS NOT NULL
eventinfo,35901_48685_1_not_null,CHECK,null,null,null,eventinfoid IS NOT NULL
eventinfo,35901_48685_2_not_null,CHECK,null,null,null,eventid IS NOT NULL
eventinfo,35901_48685_5_not_null,CHECK,null,null,null,title IS NOT NULL
eventinfo,35901_48685_8_not_null,CHECK,null,null,null,participants_cap IS NOT NULL
eventinfo,35901_48685_9_not_null,CHECK,null,null,null,join_status IS NOT NULL
eventinfo,eventinfo_eventid_fkey,FOREIGN KEY,eventid,events,eventid,null
eventinfo,eventinfo_pkey,PRIMARY KEY,eventinfoid,null,null,null
events,35901_36076_1_not_null,CHECK,null,null,null,eventid IS NOT NULL
events,35901_36076_2_not_null,CHECK,null,null,null,time IS NOT NULL
events,35901_36076_3_not_null,CHECK,null,null,null,courtbookingid IS NOT NULL
events,35901_36076_4_not_null,CHECK,null,null,null,status IS NOT NULL
events,35901_36076_5_not_null,CHECK,null,null,null,organizerid IS NOT NULL
events,events_courtbookingid_fkey,FOREIGN KEY,courtbookingid,courtbooking,courtbookingid,null
events,events_organizerid_fkey,FOREIGN KEY,organizerid,users,userid,null
events,events_pkey,PRIMARY KEY,eventid,null,null,null
events,events_courtbookingid_key,UNIQUE,courtbookingid,null,null,null
favouritecourts,35901_50953_1_not_null,CHECK,null,null,null,favouriteid IS NOT NULL
favouritecourts,35901_50953_2_not_null,CHECK,null,null,null,userid IS NOT NULL
favouritecourts,35901_50953_3_not_null,CHECK,null,null,null,courtid IS NOT NULL
favouritecourts,fk_court,FOREIGN KEY,courtid,courts,courtid,null
favouritecourts,fk_user,FOREIGN KEY,userid,users,userid,null
favouritecourts,favouritecourts_pkey,PRIMARY KEY,favouriteid,null,null,null
favouritecourts,uc_usercourt,UNIQUE,courtid,null,null,null
favouritecourts,uc_usercourt,UNIQUE,userid,null,null,null
notifications,35901_36176_11_not_null,CHECK,null,null,null,data IS NOT NULL
notifications,35901_36176_13_not_null,CHECK,null,null,null,created_at IS NOT NULL
notifications,35901_36176_1_not_null,CHECK,null,null,null,notificationid IS NOT NULL
notifications,35901_36176_2_not_null,CHECK,null,null,null,status IS NOT NULL
notifications,35901_36176_3_not_null,CHECK,null,null,null,userid IS NOT NULL
notifications,35901_36176_4_not_null,CHECK,null,null,null,message IS NOT NULL
notifications,35901_36176_5_not_null,CHECK,null,null,null,time IS NOT NULL
notifications,35901_36176_6_not_null,CHECK,null,null,null,notificationtype IS NOT NULL
notifications,35901_36176_7_not_null,CHECK,null,null,null,notificationtypeid IS NOT NULL
notifications,notifications_status_chk,CHECK,null,null,null,"((status)::text = ANY ((ARRAY['unread'::character varying, 'read'::character varying])::text[]))"
notifications,notifications_userid_fkey,FOREIGN KEY,userid,users,userid,null
notifications,notifications_pkey,PRIMARY KEY,notificationid,null,null,null
payments,35901_36021_1_not_null,CHECK,null,null,null,paymentid IS NOT NULL
payments,35901_36021_2_not_null,CHECK,null,null,null,status IS NOT NULL
payments,35901_36021_3_not_null,CHECK,null,null,null,time IS NOT NULL
payments,35901_36021_4_not_null,CHECK,null,null,null,method IS NOT NULL
payments,35901_36021_5_not_null,CHECK,null,null,null,amount IS NOT NULL
payments,payments_pkey,PRIMARY KEY,paymentid,null,null,null
playingcourt,35901_137092_1_not_null,CHECK,null,null,null,playingcourtid IS NOT NULL
playingcourt,35901_137092_2_not_null,CHECK,null,null,null,courtid IS NOT NULL
playingcourt,35901_137092_3_not_null,CHECK,null,null,null,base_name IS NOT NULL
playingcourt,35901_137092_4_not_null,CHECK,null,null,null,name IS NOT NULL
playingcourt,35901_137092_5_not_null,CHECK,null,null,null,part IS NOT NULL
playingcourt,35901_137092_6_not_null,CHECK,null,null,null,surface IS NOT NULL
playingcourt,35901_137092_7_not_null,CHECK,null,null,null,created_at IS NOT NULL
playingcourt,35901_137092_8_not_null,CHECK,null,null,null,allow_half_booking IS NOT NULL
playingcourt,35901_137092_9_not_null,CHECK,null,null,null,price IS NOT NULL
playingcourt,playingcourt_part_check,CHECK,null,null,null,"(part = ANY (ARRAY['full'::text, 'half_a'::text, 'half_b'::text]))"
playingcourt,playingcourt_courtid_fkey,FOREIGN KEY,courtid,courts,courtid,null
playingcourt,playingcourt_pkey,PRIMARY KEY,playingcourtid,null,null,null
playingcourt,playingcourt_courtid_base_name_part_key,UNIQUE,base_name,null,null,null
playingcourt,playingcourt_courtid_base_name_part_key,UNIQUE,courtid,null,null,null
playingcourt,playingcourt_courtid_base_name_part_key,UNIQUE,part,null,null,null
playingcourtinfo,35901_137111_1_not_null,CHECK,null,null,null,playingcourtinfoid IS NOT NULL
playingcourtinfo,35901_137111_2_not_null,CHECK,null,null,null,playingcourtid IS NOT NULL
playingcourtinfo,35901_137111_4_not_null,CHECK,null,null,null,images IS NOT NULL
playingcourtinfo,playingcourtinfo_playingcourtid_fkey,FOREIGN KEY,playingcourtid,playingcourt,playingcourtid,null
playingcourtinfo,playingcourtinfo_pkey,PRIMARY KEY,playingcourtinfoid,null,null,null
playingcourtinfo,playingcourtinfo_playingcourtid_key,UNIQUE,playingcourtid,null,null,null
review_reactions,35901_139512_1_not_null,CHECK,null,null,null,reactionid IS NOT NULL
review_reactions,35901_139512_2_not_null,CHECK,null,null,null,reviewid IS NOT NULL
review_reactions,35901_139512_3_not_null,CHECK,null,null,null,userid IS NOT NULL
review_reactions,35901_139512_4_not_null,CHECK,null,null,null,reaction IS NOT NULL
review_reactions,35901_139512_5_not_null,CHECK,null,null,null,created_at IS NOT NULL
review_reactions,review_reactions_reviewid_fkey,FOREIGN KEY,reviewid,reviews,reviewid,null
review_reactions,review_reactions_userid_fkey,FOREIGN KEY,userid,users,userid,null
review_reactions,review_reactions_pkey,PRIMARY KEY,reactionid,null,null,null
review_reactions,review_reactions_reviewid_userid_key,UNIQUE,reviewid,null,null,null
review_reactions,review_reactions_reviewid_userid_key,UNIQUE,userid,null,null,null
reviews,35901_36162_10_not_null,CHECK,null,null,null,dislike_count IS NOT NULL
reviews,35901_36162_1_not_null,CHECK,null,null,null,reviewid IS NOT NULL
reviews,35901_36162_2_not_null,CHECK,null,null,null,rating IS NOT NULL
reviews,35901_36162_3_not_null,CHECK,null,null,null,comment IS NOT NULL
reviews,35901_36162_4_not_null,CHECK,null,null,null,targettype IS NOT NULL
reviews,35901_36162_5_not_null,CHECK,null,null,null,targetid IS NOT NULL
reviews,35901_36162_6_not_null,CHECK,null,null,null,userid IS NOT NULL
reviews,35901_36162_7_not_null,CHECK,null,null,null,created_at IS NOT NULL
reviews,35901_36162_9_not_null,CHECK,null,null,null,like_count IS NOT NULL
reviews,chk_rating,CHECK,null,null,null,((rating >= 1) AND (rating <= 5))
reviews,reviews_userid_fkey,FOREIGN KEY,userid,users,userid,null
reviews,reviews_pkey,PRIMARY KEY,reviewid,null,null,null
servicebooking,35901_132518_1_not_null,CHECK,null,null,null,servicebookingid IS NOT NULL
servicebooking,35901_132518_2_not_null,CHECK,null,null,null,courtbookingid IS NOT NULL
servicebooking,35901_132518_3_not_null,CHECK,null,null,null,serviceid IS NOT NULL
servicebooking,35901_132518_4_not_null,CHECK,null,null,null,quantity IS NOT NULL
servicebooking,35901_132518_5_not_null,CHECK,null,null,null,unit_price IS NOT NULL
servicebooking,servicebooking_courtbookingid_fkey,FOREIGN KEY,courtbookingid,courtbooking,courtbookingid,null
servicebooking,servicebooking_paymentid_fkey,FOREIGN KEY,paymentid,payments,paymentid,null
servicebooking,servicebooking_serviceid_fkey,FOREIGN KEY,serviceid,services,serviceid,null
servicebooking,servicebooking_pkey,PRIMARY KEY,servicebookingid,null,null,null
services,35901_132502_1_not_null,CHECK,null,null,null,serviceid IS NOT NULL
services,35901_132502_2_not_null,CHECK,null,null,null,courtid IS NOT NULL
services,35901_132502_3_not_null,CHECK,null,null,null,name IS NOT NULL
services,35901_132502_4_not_null,CHECK,null,null,null,category IS NOT NULL
services,35901_132502_5_not_null,CHECK,null,null,null,price IS NOT NULL
services,35901_132502_6_not_null,CHECK,null,null,null,stock IS NOT NULL
services,35901_132502_8_not_null,CHECK,null,null,null,status IS NOT NULL
services,services_courtid_fkey,FOREIGN KEY,courtid,courts,courtid,null
services,services_pkey,PRIMARY KEY,serviceid,null,null,null
trainingsessioninfo,35901_48699_1_not_null,CHECK,null,null,null,sessioninfoid IS NOT NULL
trainingsessioninfo,35901_48699_3_not_null,CHECK,null,null,null,numberofpeople IS NOT NULL
trainingsessioninfo,35901_48699_4_not_null,CHECK,null,null,null,description IS NOT NULL
trainingsessioninfo,35901_48699_5_not_null,CHECK,null,null,null,title IS NOT NULL
trainingsessioninfo,35901_48699_8_not_null,CHECK,null,null,null,participants_cap IS NOT NULL
trainingsessioninfo,35901_48699_9_not_null,CHECK,null,null,null,join_status IS NOT NULL
trainingsessioninfo,trainingsessioninfo_sessionid_fkey,FOREIGN KEY,sessionid,trainingsessions,sessionid,null
trainingsessioninfo,trainingsessioninfo_pkey,PRIMARY KEY,sessioninfoid,null,null,null
trainingsessions,35901_36119_1_not_null,CHECK,null,null,null,sessionid IS NOT NULL
trainingsessions,35901_36119_3_not_null,CHECK,null,null,null,courtbookingid IS NOT NULL
trainingsessions,35901_36119_4_not_null,CHECK,null,null,null,time IS NOT NULL
trainingsessions,35901_36119_5_not_null,CHECK,null,null,null,status IS NOT NULL
trainingsessions,35901_36119_6_not_null,CHECK,null,null,null,coachid IS NOT NULL
trainingsessions,trainingsessions_coachid_fkey,FOREIGN KEY,coachid,users,userid,null
trainingsessions,trainingsessions_courtbookingid_fkey,FOREIGN KEY,courtbookingid,courtbooking,courtbookingid,null
trainingsessions,trainingsessions_pkey,PRIMARY KEY,sessionid,null,null,null
trainingsessions,trainingsessions_courtbookingid_key,UNIQUE,courtbookingid,null,null,null
tsbookings,35901_36140_1_not_null,CHECK,null,null,null,tsbookingid IS NOT NULL
tsbookings,35901_36140_2_not_null,CHECK,null,null,null,sessionid IS NOT NULL
tsbookings,35901_36140_4_not_null,CHECK,null,null,null,userid IS NOT NULL
tsbookings,35901_36140_5_not_null,CHECK,null,null,null,status IS NOT NULL
tsbookings,35901_36140_8_not_null,CHECK,null,null,null,bookingstatus IS NOT NULL
tsbookings,tsbookings_paymentid_fkey,FOREIGN KEY,paymentid,payments,paymentid,null
tsbookings,tsbookings_sessionid_fkey,FOREIGN KEY,sessionid,trainingsessions,sessionid,null
tsbookings,tsbookings_userid_fkey,FOREIGN KEY,userid,users,userid,null
tsbookings,tsbookings_pkey,PRIMARY KEY,tsbookingid,null,null,null
unverified_users,35901_61272_10_not_null,CHECK,null,null,null,phone_verified IS NOT NULL
unverified_users,35901_61272_1_not_null,CHECK,null,null,null,unverifiedid IS NOT NULL
unverified_users,35901_61272_4_not_null,CHECK,null,null,null,token_hash IS NOT NULL
unverified_users,35901_61272_5_not_null,CHECK,null,null,null,token_expires_at IS NOT NULL
unverified_users,35901_61272_6_not_null,CHECK,null,null,null,created_at IS NOT NULL
unverified_users,35901_61272_7_not_null,CHECK,null,null,null,resend_count IS NOT NULL
unverified_users,35901_61272_8_not_null,CHECK,null,null,null,email_verified IS NOT NULL
unverified_users,unverified_users_userid_fkey,FOREIGN KEY,userid,users,userid,null
unverified_users,unverified_users_pkey,PRIMARY KEY,unverifiedid,null,null,null
unverified_users,unverified_email_unique,UNIQUE,email,null,null,null
unverified_users,unverified_users_phone_key,UNIQUE,phone,null,null,null
user_auth_providers,35901_155785_1_not_null,CHECK,null,null,null,providerid IS NOT NULL
user_auth_providers,35901_155785_2_not_null,CHECK,null,null,null,userid IS NOT NULL
user_auth_providers,35901_155785_3_not_null,CHECK,null,null,null,provider IS NOT NULL
user_auth_providers,35901_155785_5_not_null,CHECK,null,null,null,created_at IS NOT NULL
user_auth_providers,user_auth_providers_provider_check,CHECK,null,null,null,"(provider = ANY (ARRAY['Local'::text, 'Google'::text, 'Zalo'::text, 'Phone'::text]))"
user_auth_providers,user_auth_providers_userid_fkey,FOREIGN KEY,userid,users,userid,null
user_auth_providers,user_auth_providers_pkey,PRIMARY KEY,providerid,null,null,null
user_auth_providers,user_auth_providers_unique,UNIQUE,provider_uid,null,null,null
user_auth_providers,user_auth_providers_unique,UNIQUE,provider,null,null,null
user_devices,35901_154591_1_not_null,CHECK,null,null,null,deviceid IS NOT NULL
user_devices,35901_154591_2_not_null,CHECK,null,null,null,userid IS NOT NULL
user_devices,35901_154591_3_not_null,CHECK,null,null,null,push_token IS NOT NULL
user_devices,35901_154591_4_not_null,CHECK,null,null,null,platform IS NOT NULL
user_devices,35901_154591_5_not_null,CHECK,null,null,null,token_type IS NOT NULL
user_devices,35901_154591_6_not_null,CHECK,null,null,null,is_active IS NOT NULL
user_devices,35901_154591_7_not_null,CHECK,null,null,null,last_seen_at IS NOT NULL
user_devices,35901_154591_8_not_null,CHECK,null,null,null,created_at IS NOT NULL
user_devices,user_devices_platform_check,CHECK,null,null,null,"(platform = ANY (ARRAY['android'::text, 'ios'::text, 'web'::text]))"
user_devices,user_devices_token_type_check,CHECK,null,null,null,"(token_type = ANY (ARRAY['expo'::text, 'fcm'::text, 'apns'::text]))"
user_devices,user_devices_userid_fkey,FOREIGN KEY,userid,users,userid,null
user_devices,user_devices_pkey,PRIMARY KEY,deviceid,null,null,null
user_devices,user_devices_push_token_key,UNIQUE,push_token,null,null,null
user_tokens,35901_58837_1_not_null,CHECK,null,null,null,tokenid IS NOT NULL
user_tokens,35901_58837_2_not_null,CHECK,null,null,null,userid IS NOT NULL
user_tokens,35901_58837_4_not_null,CHECK,null,null,null,refresh_token_hash IS NOT NULL
user_tokens,35901_58837_5_not_null,CHECK,null,null,null,access_token_expires_at IS NOT NULL
user_tokens,35901_58837_6_not_null,CHECK,null,null,null,refresh_token_expires_at IS NOT NULL
user_tokens,35901_58837_8_not_null,CHECK,null,null,null,is_revoked IS NOT NULL
user_tokens,35901_58837_9_not_null,CHECK,null,null,null,created_at IS NOT NULL
user_tokens,user_tokens_userid_fkey,FOREIGN KEY,userid,users,userid,null
user_tokens,user_tokens_pkey,PRIMARY KEY,tokenid,null,null,null
userinfo,35901_48625_1_not_null,CHECK,null,null,null,infoid IS NOT NULL
userinfo,35901_48625_2_not_null,CHECK,null,null,null,userid IS NOT NULL
userinfo,userinfo_userid_fkey,FOREIGN KEY,userid,users,userid,null
userinfo,userinfo_pkey,PRIMARY KEY,infoid,null,null,null
userinfo,userinfo_contactnumber_key,UNIQUE,contactnumber,null,null,null
userinfo,userinfo_email_key,UNIQUE,email,null,null,null
userlogin,35901_48859_1_not_null,CHECK,null,null,null,loginid IS NOT NULL
userlogin,35901_48859_2_not_null,CHECK,null,null,null,userid IS NOT NULL
userlogin,userlogin_userid_fkey,FOREIGN KEY,userid,users,userid,null
userlogin,userlogin_pkey,PRIMARY KEY,loginid,null,null,null
userlogin,userlogin_username_key,UNIQUE,username,null,null,null
users,35901_36012_1_not_null,CHECK,null,null,null,userid IS NOT NULL
users,35901_36012_2_not_null,CHECK,null,null,null,role IS NOT NULL
users,users_pkey,PRIMARY KEY,userid,null,null,null