schemaname,tablename,indexname,indexdef
public,block_list,block_list_blocked_user_idx,CREATE INDEX block_list_blocked_user_idx ON public.block_list USING btree (blocked_userid)
public,block_list,block_list_pkey,CREATE UNIQUE INDEX block_list_pkey ON public.block_list USING btree (blockid)
public,block_list,block_list_target_idx,"CREATE INDEX block_list_target_idx ON public.block_list USING btree (targettype, targetid)"
public,block_list,block_list_unique,"CREATE UNIQUE INDEX block_list_unique ON public.block_list USING btree (targettype, targetid, blocked_userid)"
public,block_list,idx_block_list_blocked_by_userid,CREATE INDEX idx_block_list_blocked_by_userid ON public.block_list USING btree (blocked_by_userid)
public,block_list,idx_block_list_blocked_userid,CREATE INDEX idx_block_list_blocked_userid ON public.block_list USING btree (blocked_userid)
public,court_schedule_rules,court_schedule_rules_pkey,CREATE UNIQUE INDEX court_schedule_rules_pkey ON public.court_schedule_rules USING btree (schedule_rule_id)
public,court_schedule_rules,idx_court_schedule_rules_lookup,"CREATE INDEX idx_court_schedule_rules_lookup ON public.court_schedule_rules USING btree (courtid, playingcourtid, day_of_week, valid_from, valid_to)"
public,courtavailability,courtavailability_pkey,CREATE UNIQUE INDEX courtavailability_pkey ON public.courtavailability USING btree (availabilityid)
public,courtavailability,idx_courtavailability_booking_date_gin,CREATE INDEX idx_courtavailability_booking_date_gin ON public.courtavailability USING gin (booking_date)
public,courtavailability,idx_courtavailability_courtid,CREATE INDEX idx_courtavailability_courtid ON public.courtavailability USING btree (courtid)
public,courtavailability,idx_courtavailability_courtid_booking_date_text,"CREATE INDEX idx_courtavailability_courtid_booking_date_text ON public.courtavailability USING btree (courtid, ((booking_date #>> '{}'::text[])), availabilityid)"
public,courtavailability,idx_courtavailability_courtid_playingcourtid,"CREATE INDEX idx_courtavailability_courtid_playingcourtid ON public.courtavailability USING btree (courtid, playingcourtid)"
public,courtavailability,idx_courtavailability_playingcourtid,CREATE INDEX idx_courtavailability_playingcourtid ON public.courtavailability USING btree (playingcourtid)
public,courtbooking,courtbooking_no_overlap_excl,"CREATE INDEX courtbooking_no_overlap_excl ON public.courtbooking USING gist (playingcourtid, tsrange(start_timestamp, end_timestamp, '[)'::text)) WHERE ((playingcourtid IS NOT NULL) AND (bookingstatus = 'upcoming'::sessionstatus))"
public,courtbooking,courtbooking_pkey,CREATE UNIQUE INDEX courtbooking_pkey ON public.courtbooking USING btree (courtbookingid)
public,courtbooking,idx_courtbooking_availabilityid,CREATE INDEX idx_courtbooking_availabilityid ON public.courtbooking USING btree (availabilityid)
public,courtbooking,idx_courtbooking_bookingstatus,CREATE INDEX idx_courtbooking_bookingstatus ON public.courtbooking USING btree (bookingstatus)
public,courtbooking,idx_courtbooking_end_timestamp,CREATE INDEX idx_courtbooking_end_timestamp ON public.courtbooking USING btree (end_timestamp)
public,courtbooking,idx_courtbooking_paymentid,CREATE INDEX idx_courtbooking_paymentid ON public.courtbooking USING btree (paymentid)
public,courtbooking,idx_courtbooking_playingcourtid,CREATE INDEX idx_courtbooking_playingcourtid ON public.courtbooking USING btree (playingcourtid)
public,courtbooking,idx_courtbooking_review_gate,"CREATE INDEX idx_courtbooking_review_gate ON public.courtbooking USING btree (userid, availabilityid, status) WHERE (bookingstatus = 'completed'::sessionstatus)"
public,courtbooking,idx_courtbooking_start_timestamp,CREATE INDEX idx_courtbooking_start_timestamp ON public.courtbooking USING btree (start_timestamp)
public,courtbooking,idx_courtbooking_status,CREATE INDEX idx_courtbooking_status ON public.courtbooking USING btree (status)
public,courtbooking,idx_courtbooking_timestamps_range,"CREATE INDEX idx_courtbooking_timestamps_range ON public.courtbooking USING btree (start_timestamp, end_timestamp)"
public,courtbooking,idx_courtbooking_upcoming_by_user,"CREATE INDEX idx_courtbooking_upcoming_by_user ON public.courtbooking USING btree (userid, start_timestamp) WHERE (bookingstatus = 'upcoming'::sessionstatus)"
public,courtbooking,idx_courtbooking_user_lifecycle,"CREATE INDEX idx_courtbooking_user_lifecycle ON public.courtbooking USING btree (userid, bookingstatus, start_timestamp DESC)"
public,courtbooking,idx_courtbooking_userid,CREATE INDEX idx_courtbooking_userid ON public.courtbooking USING btree (userid)
public,courtinfo,courtinfo_pkey,CREATE UNIQUE INDEX courtinfo_pkey ON public.courtinfo USING btree (courtinfoid)
public,courtinfo,idx_courtinfo_courtid,CREATE INDEX idx_courtinfo_courtid ON public.courtinfo USING btree (courtid)
public,courtinfo,idx_courtinfo_geog_gist,"CREATE INDEX idx_courtinfo_geog_gist ON public.courtinfo USING gist (geography(st_setsrid(st_makepoint(longitude, latitude), 4326))) WHERE ((latitude IS NOT NULL) AND (longitude IS NOT NULL))"
public,courtinfo,idx_courtinfo_geom_gist,"CREATE INDEX idx_courtinfo_geom_gist ON public.courtinfo USING gist (st_setsrid(st_makepoint(longitude, latitude), 4326)) WHERE ((latitude IS NOT NULL) AND (longitude IS NOT NULL))"
public,courtinfo,idx_courtinfo_lat_lng,"CREATE INDEX idx_courtinfo_lat_lng ON public.courtinfo USING btree (latitude, longitude)"
public,courts,courts_pkey,CREATE UNIQUE INDEX courts_pkey ON public.courts USING btree (courtid)
public,courts,idx_courts_ownerid,CREATE INDEX idx_courts_ownerid ON public.courts USING btree (ownerid)
public,courts,idx_courts_status,CREATE INDEX idx_courts_status ON public.courts USING btree (status)
public,eventbooking,eventbooking_pkey,CREATE UNIQUE INDEX eventbooking_pkey ON public.eventbooking USING btree (eventbookingid)
public,eventbooking,idx_eventbooking_bookingstatus,CREATE INDEX idx_eventbooking_bookingstatus ON public.eventbooking USING btree (bookingstatus)
public,eventbooking,idx_eventbooking_eventid,CREATE INDEX idx_eventbooking_eventid ON public.eventbooking USING btree (eventid)
public,eventbooking,idx_eventbooking_paymentid,CREATE INDEX idx_eventbooking_paymentid ON public.eventbooking USING btree (paymentid)
public,eventbooking,idx_eventbooking_upcoming_by_user,CREATE INDEX idx_eventbooking_upcoming_by_user ON public.eventbooking USING btree (userid) WHERE (bookingstatus = 'upcoming'::sessionstatus)
public,eventbooking,idx_eventbooking_user_lifecycle,"CREATE INDEX idx_eventbooking_user_lifecycle ON public.eventbooking USING btree (userid, bookingstatus, eventid)"
public,eventbooking,idx_eventbooking_userid,CREATE INDEX idx_eventbooking_userid ON public.eventbooking USING btree (userid)
public,eventinfo,eventinfo_pkey,CREATE UNIQUE INDEX eventinfo_pkey ON public.eventinfo USING btree (eventinfoid)
public,eventinfo,idx_eventinfo_eventid,CREATE INDEX idx_eventinfo_eventid ON public.eventinfo USING btree (eventid)
public,events,events_courtbookingid_key,CREATE UNIQUE INDEX events_courtbookingid_key ON public.events USING btree (courtbookingid)
public,events,events_pkey,CREATE UNIQUE INDEX events_pkey ON public.events USING btree (eventid)
public,events,idx_events_organizerid,CREATE INDEX idx_events_organizerid ON public.events USING btree (organizerid)
public,events,idx_events_status,CREATE INDEX idx_events_status ON public.events USING btree (status)
public,favouritecourts,favouritecourts_pkey,CREATE UNIQUE INDEX favouritecourts_pkey ON public.favouritecourts USING btree (favouriteid)
public,favouritecourts,idx_favouritecourts_courtid,CREATE INDEX idx_favouritecourts_courtid ON public.favouritecourts USING btree (courtid)
public,favouritecourts,idx_favouritecourts_userid,CREATE INDEX idx_favouritecourts_userid ON public.favouritecourts USING btree (userid)
public,favouritecourts,uc_usercourt,"CREATE UNIQUE INDEX uc_usercourt ON public.favouritecourts USING btree (userid, courtid)"
public,notifications,idx_notifications_unread_by_user_time,"CREATE INDEX idx_notifications_unread_by_user_time ON public.notifications USING btree (userid, ""time"" DESC) WHERE ((status)::text = 'unread'::text)"
public,notifications,idx_notifications_userid,CREATE INDEX idx_notifications_userid ON public.notifications USING btree (userid)
public,notifications,notifications_pkey,CREATE UNIQUE INDEX notifications_pkey ON public.notifications USING btree (notificationid)
public,notifications,notifications_user_category_time_idx,"CREATE INDEX notifications_user_category_time_idx ON public.notifications USING btree (userid, category, ""time"" DESC)"
public,notifications,notifications_user_status_time_idx,"CREATE INDEX notifications_user_status_time_idx ON public.notifications USING btree (userid, status, ""time"" DESC)"
public,notifications,notifications_user_time_idx,"CREATE INDEX notifications_user_time_idx ON public.notifications USING btree (userid, ""time"" DESC)"
public,payments,payments_pkey,CREATE UNIQUE INDEX payments_pkey ON public.payments USING btree (paymentid)
public,playingcourt,idx_playingcourt_courtid,CREATE INDEX idx_playingcourt_courtid ON public.playingcourt USING btree (courtid)
public,playingcourt,idx_playingcourt_courtid_part_price,"CREATE INDEX idx_playingcourt_courtid_part_price ON public.playingcourt USING btree (courtid, part, price)"
public,playingcourt,idx_playingcourt_group,"CREATE INDEX idx_playingcourt_group ON public.playingcourt USING btree (courtid, base_name)"
public,playingcourt,playingcourt_courtid_base_name_part_key,"CREATE UNIQUE INDEX playingcourt_courtid_base_name_part_key ON public.playingcourt USING btree (courtid, base_name, part)"
public,playingcourt,playingcourt_pkey,CREATE UNIQUE INDEX playingcourt_pkey ON public.playingcourt USING btree (playingcourtid)
public,playingcourtinfo,idx_playingcourtinfo_playingcourtid,CREATE INDEX idx_playingcourtinfo_playingcourtid ON public.playingcourtinfo USING btree (playingcourtid)
public,playingcourtinfo,playingcourtinfo_pkey,CREATE UNIQUE INDEX playingcourtinfo_pkey ON public.playingcourtinfo USING btree (playingcourtinfoid)
public,playingcourtinfo,playingcourtinfo_playingcourtid_key,CREATE UNIQUE INDEX playingcourtinfo_playingcourtid_key ON public.playingcourtinfo USING btree (playingcourtid)
public,review_reactions,idx_review_reactions_reviewid,CREATE INDEX idx_review_reactions_reviewid ON public.review_reactions USING btree (reviewid)
public,review_reactions,idx_review_reactions_userid,CREATE INDEX idx_review_reactions_userid ON public.review_reactions USING btree (userid)
public,review_reactions,review_reactions_pkey,CREATE UNIQUE INDEX review_reactions_pkey ON public.review_reactions USING btree (reactionid)
public,review_reactions,review_reactions_review_idx,CREATE INDEX review_reactions_review_idx ON public.review_reactions USING btree (reviewid)
public,review_reactions,review_reactions_reviewid_userid_key,"CREATE UNIQUE INDEX review_reactions_reviewid_userid_key ON public.review_reactions USING btree (reviewid, userid)"
public,review_reactions,review_reactions_user_idx,CREATE INDEX review_reactions_user_idx ON public.review_reactions USING btree (userid)
public,reviews,idx_reviews_target,"CREATE INDEX idx_reviews_target ON public.reviews USING btree (targettype, targetid)"
public,reviews,idx_reviews_userid,CREATE INDEX idx_reviews_userid ON public.reviews USING btree (userid)
public,reviews,reviews_pkey,CREATE UNIQUE INDEX reviews_pkey ON public.reviews USING btree (reviewid)
public,servicebooking,idx_servicebooking_courtbookingid,CREATE INDEX idx_servicebooking_courtbookingid ON public.servicebooking USING btree (courtbookingid)
public,servicebooking,idx_servicebooking_paymentid,CREATE INDEX idx_servicebooking_paymentid ON public.servicebooking USING btree (paymentid)
public,servicebooking,idx_servicebooking_serviceid,CREATE INDEX idx_servicebooking_serviceid ON public.servicebooking USING btree (serviceid)
public,servicebooking,servicebooking_pkey,CREATE UNIQUE INDEX servicebooking_pkey ON public.servicebooking USING btree (servicebookingid)
public,services,idx_services_courtid,CREATE INDEX idx_services_courtid ON public.services USING btree (courtid)
public,services,services_pkey,CREATE UNIQUE INDEX services_pkey ON public.services USING btree (serviceid)
public,spatial_ref_sys,spatial_ref_sys_pkey,CREATE UNIQUE INDEX spatial_ref_sys_pkey ON public.spatial_ref_sys USING btree (srid)
public,trainingsessioninfo,idx_trainingsessioninfo_sessionid,CREATE INDEX idx_trainingsessioninfo_sessionid ON public.trainingsessioninfo USING btree (sessionid)
public,trainingsessioninfo,trainingsessioninfo_pkey,CREATE UNIQUE INDEX trainingsessioninfo_pkey ON public.trainingsessioninfo USING btree (sessioninfoid)
public,trainingsessions,idx_trainingsessions_coachid,CREATE INDEX idx_trainingsessions_coachid ON public.trainingsessions USING btree (coachid)
public,trainingsessions,idx_trainingsessions_status,CREATE INDEX idx_trainingsessions_status ON public.trainingsessions USING btree (status)
public,trainingsessions,trainingsessions_courtbookingid_key,CREATE UNIQUE INDEX trainingsessions_courtbookingid_key ON public.trainingsessions USING btree (courtbookingid)
public,trainingsessions,trainingsessions_pkey,CREATE UNIQUE INDEX trainingsessions_pkey ON public.trainingsessions USING btree (sessionid)
public,tsbookings,idx_tsbookings_bookingstatus,CREATE INDEX idx_tsbookings_bookingstatus ON public.tsbookings USING btree (bookingstatus)
public,tsbookings,idx_tsbookings_paymentid,CREATE INDEX idx_tsbookings_paymentid ON public.tsbookings USING btree (paymentid)
public,tsbookings,idx_tsbookings_sessionid,CREATE INDEX idx_tsbookings_sessionid ON public.tsbookings USING btree (sessionid)
public,tsbookings,idx_tsbookings_upcoming_by_user,CREATE INDEX idx_tsbookings_upcoming_by_user ON public.tsbookings USING btree (userid) WHERE (bookingstatus = 'upcoming'::sessionstatus)
public,tsbookings,idx_tsbookings_user_lifecycle,"CREATE INDEX idx_tsbookings_user_lifecycle ON public.tsbookings USING btree (userid, bookingstatus, sessionid)"
public,tsbookings,idx_tsbookings_userid,CREATE INDEX idx_tsbookings_userid ON public.tsbookings USING btree (userid)
public,tsbookings,tsbookings_pkey,CREATE UNIQUE INDEX tsbookings_pkey ON public.tsbookings USING btree (tsbookingid)
public,unverified_users,idx_unverified_users_email_state,"CREATE INDEX idx_unverified_users_email_state ON public.unverified_users USING btree (email, email_verified, token_expires_at)"
public,unverified_users,idx_unverified_users_userid,CREATE INDEX idx_unverified_users_userid ON public.unverified_users USING btree (userid)
public,unverified_users,unverified_email_unique,CREATE UNIQUE INDEX unverified_email_unique ON public.unverified_users USING btree (email)