tablename,indexname,indexdef
block_list,block_list_blocked_user_idx,CREATE INDEX block_list_blocked_user_idx ON public.block_list USING btree (blocked_userid)
block_list,block_list_pkey,CREATE UNIQUE INDEX block_list_pkey ON public.block_list USING btree (blockid)
block_list,block_list_target_idx,"CREATE INDEX block_list_target_idx ON public.block_list USING btree (targettype, targetid)"
block_list,block_list_unique,"CREATE UNIQUE INDEX block_list_unique ON public.block_list USING btree (targettype, targetid, blocked_userid)"
block_list,idx_block_list_blocked_by_userid,CREATE INDEX idx_block_list_blocked_by_userid ON public.block_list USING btree (blocked_by_userid)
block_list,idx_block_list_blocked_userid,CREATE INDEX idx_block_list_blocked_userid ON public.block_list USING btree (blocked_userid)
court_schedule_rules,court_schedule_rules_pkey,CREATE UNIQUE INDEX court_schedule_rules_pkey ON public.court_schedule_rules USING btree (schedule_rule_id)
court_schedule_rules,idx_court_schedule_rules_lookup,"CREATE INDEX idx_court_schedule_rules_lookup ON public.court_schedule_rules USING btree (courtid, playingcourtid, day_of_week, valid_from, valid_to)"
courtavailability,courtavailability_pkey,CREATE UNIQUE INDEX courtavailability_pkey ON public.courtavailability USING btree (availabilityid)
courtavailability,idx_courtavailability_booking_date_gin,CREATE INDEX idx_courtavailability_booking_date_gin ON public.courtavailability USING gin (booking_date)
courtavailability,idx_courtavailability_courtid,CREATE INDEX idx_courtavailability_courtid ON public.courtavailability USING btree (courtid)
courtavailability,idx_courtavailability_playingcourtid,CREATE INDEX idx_courtavailability_playingcourtid ON public.courtavailability USING btree (playingcourtid)
courtbooking,courtbooking_no_overlap_excl,"CREATE INDEX courtbooking_no_overlap_excl ON public.courtbooking USING gist (playingcourtid, tsrange(start_timestamp, end_timestamp, '[)'::text)) WHERE ((playingcourtid IS NOT NULL) AND (bookingstatus = 'upcoming'::sessionstatus))"
courtbooking,courtbooking_pkey,CREATE UNIQUE INDEX courtbooking_pkey ON public.courtbooking USING btree (courtbookingid)
courtbooking,idx_courtbooking_availabilityid,CREATE INDEX idx_courtbooking_availabilityid ON public.courtbooking USING btree (availabilityid)
courtbooking,idx_courtbooking_bookingstatus,CREATE INDEX idx_courtbooking_bookingstatus ON public.courtbooking USING btree (bookingstatus)
courtbooking,idx_courtbooking_end_timestamp,CREATE INDEX idx_courtbooking_end_timestamp ON public.courtbooking USING btree (end_timestamp)
courtbooking,idx_courtbooking_paymentid,CREATE INDEX idx_courtbooking_paymentid ON public.courtbooking USING btree (paymentid)
courtbooking,idx_courtbooking_playingcourtid,CREATE INDEX idx_courtbooking_playingcourtid ON public.courtbooking USING btree (playingcourtid)
courtbooking,idx_courtbooking_start_timestamp,CREATE INDEX idx_courtbooking_start_timestamp ON public.courtbooking USING btree (start_timestamp)
courtbooking,idx_courtbooking_status,CREATE INDEX idx_courtbooking_status ON public.courtbooking USING btree (status)
courtbooking,idx_courtbooking_timestamps_range,"CREATE INDEX idx_courtbooking_timestamps_range ON public.courtbooking USING btree (start_timestamp, end_timestamp)"
courtbooking,idx_courtbooking_upcoming_by_user,"CREATE INDEX idx_courtbooking_upcoming_by_user ON public.courtbooking USING btree (userid, start_timestamp) WHERE (bookingstatus = 'upcoming'::sessionstatus)"
courtbooking,idx_courtbooking_userid,CREATE INDEX idx_courtbooking_userid ON public.courtbooking USING btree (userid)
courtinfo,courtinfo_pkey,CREATE UNIQUE INDEX courtinfo_pkey ON public.courtinfo USING btree (courtinfoid)
courtinfo,idx_courtinfo_courtid,CREATE INDEX idx_courtinfo_courtid ON public.courtinfo USING btree (courtid)
courtinfo,idx_courtinfo_lat_lng,"CREATE INDEX idx_courtinfo_lat_lng ON public.courtinfo USING btree (latitude, longitude)"
courts,courts_pkey,CREATE UNIQUE INDEX courts_pkey ON public.courts USING btree (courtid)
courts,idx_courts_ownerid,CREATE INDEX idx_courts_ownerid ON public.courts USING btree (ownerid)
courts,idx_courts_status,CREATE INDEX idx_courts_status ON public.courts USING btree (status)
eventbooking,eventbooking_pkey,CREATE UNIQUE INDEX eventbooking_pkey ON public.eventbooking USING btree (eventbookingid)
eventbooking,idx_eventbooking_bookingstatus,CREATE INDEX idx_eventbooking_bookingstatus ON public.eventbooking USING btree (bookingstatus)
eventbooking,idx_eventbooking_eventid,CREATE INDEX idx_eventbooking_eventid ON public.eventbooking USING btree (eventid)
eventbooking,idx_eventbooking_paymentid,CREATE INDEX idx_eventbooking_paymentid ON public.eventbooking USING btree (paymentid)
eventbooking,idx_eventbooking_upcoming_by_user,CREATE INDEX idx_eventbooking_upcoming_by_user ON public.eventbooking USING btree (userid) WHERE (bookingstatus = 'upcoming'::sessionstatus)
eventbooking,idx_eventbooking_userid,CREATE INDEX idx_eventbooking_userid ON public.eventbooking USING btree (userid)
eventinfo,eventinfo_pkey,CREATE UNIQUE INDEX eventinfo_pkey ON public.eventinfo USING btree (eventinfoid)
eventinfo,idx_eventinfo_eventid,CREATE INDEX idx_eventinfo_eventid ON public.eventinfo USING btree (eventid)
events,events_courtbookingid_key,CREATE UNIQUE INDEX events_courtbookingid_key ON public.events USING btree (courtbookingid)
events,events_pkey,CREATE UNIQUE INDEX events_pkey ON public.events USING btree (eventid)
events,idx_events_organizerid,CREATE INDEX idx_events_organizerid ON public.events USING btree (organizerid)
events,idx_events_status,CREATE INDEX idx_events_status ON public.events USING btree (status)
favouritecourts,favouritecourts_pkey,CREATE UNIQUE INDEX favouritecourts_pkey ON public.favouritecourts USING btree (favouriteid)
favouritecourts,idx_favouritecourts_courtid,CREATE INDEX idx_favouritecourts_courtid ON public.favouritecourts USING btree (courtid)
favouritecourts,idx_favouritecourts_userid,CREATE INDEX idx_favouritecourts_userid ON public.favouritecourts USING btree (userid)
favouritecourts,uc_usercourt,"CREATE UNIQUE INDEX uc_usercourt ON public.favouritecourts USING btree (userid, courtid)"
notifications,idx_notifications_userid,CREATE INDEX idx_notifications_userid ON public.notifications USING btree (userid)
notifications,notifications_pkey,CREATE UNIQUE INDEX notifications_pkey ON public.notifications USING btree (notificationid)
notifications,notifications_user_category_time_idx,"CREATE INDEX notifications_user_category_time_idx ON public.notifications USING btree (userid, category, ""time"" DESC)"
notifications,notifications_user_status_time_idx,"CREATE INDEX notifications_user_status_time_idx ON public.notifications USING btree (userid, status, ""time"" DESC)"
notifications,notifications_user_time_idx,"CREATE INDEX notifications_user_time_idx ON public.notifications USING btree (userid, ""time"" DESC)"
payments,payments_pkey,CREATE UNIQUE INDEX payments_pkey ON public.payments USING btree (paymentid)
playingcourt,idx_playingcourt_courtid,CREATE INDEX idx_playingcourt_courtid ON public.playingcourt USING btree (courtid)
playingcourt,idx_playingcourt_courtid_part_price,"CREATE INDEX idx_playingcourt_courtid_part_price ON public.playingcourt USING btree (courtid, part, price)"
playingcourt,idx_playingcourt_group,"CREATE INDEX idx_playingcourt_group ON public.playingcourt USING btree (courtid, base_name)"
playingcourt,playingcourt_courtid_base_name_part_key,"CREATE UNIQUE INDEX playingcourt_courtid_base_name_part_key ON public.playingcourt USING btree (courtid, base_name, part)"
playingcourt,playingcourt_pkey,CREATE UNIQUE INDEX playingcourt_pkey ON public.playingcourt USING btree (playingcourtid)
playingcourtinfo,idx_playingcourtinfo_playingcourtid,CREATE INDEX idx_playingcourtinfo_playingcourtid ON public.playingcourtinfo USING btree (playingcourtid)
playingcourtinfo,playingcourtinfo_pkey,CREATE UNIQUE INDEX playingcourtinfo_pkey ON public.playingcourtinfo USING btree (playingcourtinfoid)
playingcourtinfo,playingcourtinfo_playingcourtid_key,CREATE UNIQUE INDEX playingcourtinfo_playingcourtid_key ON public.playingcourtinfo USING btree (playingcourtid)
review_reactions,idx_review_reactions_reviewid,CREATE INDEX idx_review_reactions_reviewid ON public.review_reactions USING btree (reviewid)
review_reactions,idx_review_reactions_userid,CREATE INDEX idx_review_reactions_userid ON public.review_reactions USING btree (userid)
review_reactions,review_reactions_pkey,CREATE UNIQUE INDEX review_reactions_pkey ON public.review_reactions USING btree (reactionid)
review_reactions,review_reactions_review_idx,CREATE INDEX review_reactions_review_idx ON public.review_reactions USING btree (reviewid)
review_reactions,review_reactions_reviewid_userid_key,"CREATE UNIQUE INDEX review_reactions_reviewid_userid_key ON public.review_reactions USING btree (reviewid, userid)"
review_reactions,review_reactions_user_idx,CREATE INDEX review_reactions_user_idx ON public.review_reactions USING btree (userid)
reviews,idx_reviews_target,"CREATE INDEX idx_reviews_target ON public.reviews USING btree (targettype, targetid)"
reviews,idx_reviews_userid,CREATE INDEX idx_reviews_userid ON public.reviews USING btree (userid)
reviews,reviews_pkey,CREATE UNIQUE INDEX reviews_pkey ON public.reviews USING btree (reviewid)
servicebooking,idx_servicebooking_courtbookingid,CREATE INDEX idx_servicebooking_courtbookingid ON public.servicebooking USING btree (courtbookingid)
servicebooking,idx_servicebooking_paymentid,CREATE INDEX idx_servicebooking_paymentid ON public.servicebooking USING btree (paymentid)
servicebooking,idx_servicebooking_serviceid,CREATE INDEX idx_servicebooking_serviceid ON public.servicebooking USING btree (serviceid)
servicebooking,servicebooking_pkey,CREATE UNIQUE INDEX servicebooking_pkey ON public.servicebooking USING btree (servicebookingid)
services,idx_services_courtid,CREATE INDEX idx_services_courtid ON public.services USING btree (courtid)
services,services_pkey,CREATE UNIQUE INDEX services_pkey ON public.services USING btree (serviceid)
trainingsessioninfo,idx_trainingsessioninfo_sessionid,CREATE INDEX idx_trainingsessioninfo_sessionid ON public.trainingsessioninfo USING btree (sessionid)
trainingsessioninfo,trainingsessioninfo_pkey,CREATE UNIQUE INDEX trainingsessioninfo_pkey ON public.trainingsessioninfo USING btree (sessioninfoid)
trainingsessions,idx_trainingsessions_coachid,CREATE INDEX idx_trainingsessions_coachid ON public.trainingsessions USING btree (coachid)
trainingsessions,idx_trainingsessions_status,CREATE INDEX idx_trainingsessions_status ON public.trainingsessions USING btree (status)
trainingsessions,trainingsessions_courtbookingid_key,CREATE UNIQUE INDEX trainingsessions_courtbookingid_key ON public.trainingsessions USING btree (courtbookingid)
trainingsessions,trainingsessions_pkey,CREATE UNIQUE INDEX trainingsessions_pkey ON public.trainingsessions USING btree (sessionid)
tsbookings,idx_tsbookings_bookingstatus,CREATE INDEX idx_tsbookings_bookingstatus ON public.tsbookings USING btree (bookingstatus)
tsbookings,idx_tsbookings_paymentid,CREATE INDEX idx_tsbookings_paymentid ON public.tsbookings USING btree (paymentid)
tsbookings,idx_tsbookings_sessionid,CREATE INDEX idx_tsbookings_sessionid ON public.tsbookings USING btree (sessionid)
tsbookings,idx_tsbookings_upcoming_by_user,CREATE INDEX idx_tsbookings_upcoming_by_user ON public.tsbookings USING btree (userid) WHERE (bookingstatus = 'upcoming'::sessionstatus)
tsbookings,idx_tsbookings_userid,CREATE INDEX idx_tsbookings_userid ON public.tsbookings USING btree (userid)
tsbookings,tsbookings_pkey,CREATE UNIQUE INDEX tsbookings_pkey ON public.tsbookings USING btree (tsbookingid)
unverified_users,idx_unverified_users_userid,CREATE INDEX idx_unverified_users_userid ON public.unverified_users USING btree (userid)
unverified_users,unverified_email_unique,CREATE UNIQUE INDEX unverified_email_unique ON public.unverified_users USING btree (email)
unverified_users,unverified_token_hash_idx,CREATE INDEX unverified_token_hash_idx ON public.unverified_users USING btree (token_hash)
unverified_users,unverified_users_pkey,CREATE UNIQUE INDEX unverified_users_pkey ON public.unverified_users USING btree (unverifiedid)
user_tokens,idx_user_tokens_expiry,CREATE INDEX idx_user_tokens_expiry ON public.user_tokens USING btree (refresh_token_expires_at)
user_tokens,idx_user_tokens_user_id,CREATE INDEX idx_user_tokens_user_id ON public.user_tokens USING btree (userid)
user_tokens,idx_user_tokens_userid,CREATE INDEX idx_user_tokens_userid ON public.user_tokens USING btree (userid)
user_tokens,uq_user_tokens_refresh_hash,CREATE UNIQUE INDEX uq_user_tokens_refresh_hash ON public.user_tokens USING btree (refresh_token_hash)
user_tokens,user_tokens_pkey,CREATE UNIQUE INDEX user_tokens_pkey ON public.user_tokens USING btree (tokenid)
userinfo,idx_userinfo_userid,CREATE INDEX idx_userinfo_userid ON public.userinfo USING btree (userid)
userinfo,userinfo_contactnumber_key,CREATE UNIQUE INDEX userinfo_contactnumber_key ON public.userinfo USING btree (contactnumber)
userinfo,userinfo_email_key,CREATE UNIQUE INDEX userinfo_email_key ON public.userinfo USING btree (email)
userinfo,userinfo_pkey,CREATE UNIQUE INDEX userinfo_pkey ON public.userinfo USING btree (infoid)